-- PostgreSQL schema and seed data for Traffic Route Finder
-- Generated from backend/data/traffic_app.db

BEGIN;

CREATE TABLE IF NOT EXISTS route_queries (
    id BIGSERIAL PRIMARY KEY,
    source_json JSONB NOT NULL,
    destination_json JSONB NOT NULL,
    departure_time TIMESTAMPTZ,
    eta_minutes DOUBLE PRECISION,
    distance_km DOUBLE PRECISION,
    traffic_level TEXT,
    created_at TIMESTAMPTZ NOT NULL
);

CREATE TABLE IF NOT EXISTS alerts (
    id BIGSERIAL PRIMARY KEY,
    severity TEXT NOT NULL,
    title TEXT NOT NULL,
    message TEXT NOT NULL,
    context_json JSONB NOT NULL DEFAULT '{}'::jsonb,
    status TEXT NOT NULL DEFAULT 'active',
    created_at TIMESTAMPTZ NOT NULL
);

CREATE TABLE IF NOT EXISTS bangladesh_locations (
    id TEXT PRIMARY KEY,
    name TEXT NOT NULL,
    lat DOUBLE PRECISION NOT NULL,
    lng DOUBLE PRECISION NOT NULL
);

CREATE TABLE IF NOT EXISTS bangladesh_corridors (
    id TEXT PRIMARY KEY,
    name TEXT NOT NULL,
    source_location_id TEXT NOT NULL REFERENCES bangladesh_locations(id),
    destination_location_id TEXT NOT NULL REFERENCES bangladesh_locations(id)
);

CREATE INDEX IF NOT EXISTS idx_route_queries_created_at ON route_queries (created_at DESC);
CREATE INDEX IF NOT EXISTS idx_alerts_status_created_at ON alerts (status, created_at DESC);

TRUNCATE TABLE bangladesh_corridors, bangladesh_locations, alerts, route_queries RESTART IDENTITY CASCADE;

INSERT INTO bangladesh_locations (id, name, lat, lng) VALUES
    ('chattogram_city_gate', 'Chattogram City Gate', 22.3676, 91.7827),
    ('cumilla_kandirpar', 'Cumilla Kandirpar', 23.4619, 91.185),
    ('dhanmondi_32_dhaka', 'Dhanmondi 32, Dhaka', 23.7516, 90.3776),
    ('gulshan_1_dhaka', 'Gulshan 1, Dhaka', 23.7806, 90.4193),
    ('motijheel_dhaka', 'Motijheel, Dhaka', 23.733, 90.4172),
    ('rajshahi_shaheb_bazar', 'Rajshahi Shaheb Bazar', 24.3745, 88.6042),
    ('shahbagh_dhaka', 'Shahbagh, Dhaka', 23.7383, 90.3956),
    ('sylhet_zindabazar', 'Sylhet Zindabazar', 24.8949, 91.8687),
    ('uttara_dhaka', 'Uttara, Dhaka', 23.8759, 90.3795);

INSERT INTO bangladesh_corridors (id, name, source_location_id, destination_location_id) VALUES
    ('chattogram_cumilla', 'Chattogram City Gate to Cumilla', 'chattogram_city_gate', 'cumilla_kandirpar'),
    ('cumilla_motijheel', 'Cumilla Kandirpar to Motijheel', 'cumilla_kandirpar', 'motijheel_dhaka'),
    ('dhanmondi_gulshan', 'Dhanmondi 32 to Gulshan 1', 'dhanmondi_32_dhaka', 'gulshan_1_dhaka'),
    ('gulshan_motijheel', 'Gulshan 1 to Motijheel', 'gulshan_1_dhaka', 'motijheel_dhaka'),
    ('uttara_shahbagh', 'Uttara to Shahbagh', 'uttara_dhaka', 'shahbagh_dhaka');

INSERT INTO route_queries (id, source_json, destination_json, departure_time, eta_minutes, distance_km, traffic_level, created_at) VALUES
    (1, '{"lat": 23.8103, "lng": 90.4125}'::jsonb, '{"lat": 23.7806, "lng": 90.2794}'::jsonb, '2026-04-26T17:31:03.715670', 41.3, 2.5, 'High', '2026-04-26T17:31:03.721022'),
    (2, '{"lat": 23.8103, "lng": 90.4125}'::jsonb, '{"lat": 23.7806, "lng": 90.2794}'::jsonb, '2026-04-26T17:31:08.002482', 41.3, 2.5, 'High', '2026-04-26T17:31:08.006610'),
    (3, '{"lat": 23.8103, "lng": 90.4125}'::jsonb, '{"lat": 23.7806, "lng": 90.2794}'::jsonb, '2026-04-26T17:31:30.966019+00:00', 41.3, 2.5, 'High', '2026-04-26T17:31:30.970248+00:00'),
    (4, '{"lat": 23.8103, "lng": 90.4125}'::jsonb, '{"lat": 23.7806, "lng": 90.2794}'::jsonb, '2026-04-26T17:37:20.905388', 61.69, 21.65, 'High', '2026-04-26T17:37:24.025420+00:00'),
    (5, '{"lat": 23.81233474460289, "lng": 90.35620206448851}'::jsonb, '{"lat": 23.7806, "lng": 90.2794}'::jsonb, '2026-04-26T17:49:33.102326', 35.66, 13.35, 'High', '2026-04-26T17:49:34.684076+00:00'),
    (6, '{"lat": 22.3614288, "lng": 91.8154141}'::jsonb, '{"lat": 22.4717058, "lng": 91.7769101}'::jsonb, '2026-04-26T17:57:47.524860', 52.49, 19.11, 'High', '2026-04-26T17:57:48.761485+00:00'),
    (7, '{"lat": 22.3614288, "lng": 91.8154141}'::jsonb, '{"lat": 22.4717058, "lng": 91.7769101}'::jsonb, '2026-04-26T17:58:35.263128', 52.49, 19.11, 'High', '2026-04-26T17:58:36.643082+00:00'),
    (8, '{"lat": 23.8103, "lng": 90.4125}'::jsonb, '{"lat": 23.7806, "lng": 90.2794}'::jsonb, '2026-04-27T01:35:01.882520', 51.8, 21.65, 'Medium', '2026-04-27T01:35:03.842857+00:00'),
    (9, '{"lat": 23.8103, "lng": 90.4125}'::jsonb, '{"lat": 23.7806, "lng": 90.2794}'::jsonb, '2026-04-27T01:36:50.148335', 51.8, 21.65, 'Medium', '2026-04-27T01:36:51.387253+00:00'),
    (10, '{"lat": 23.8103, "lng": 90.4125}'::jsonb, '{"lat": 23.7806, "lng": 90.2794}'::jsonb, '2026-04-27T01:38:27.336836', 51.8, 21.65, 'Medium', '2026-04-27T01:38:28.792655+00:00'),
    (11, '{"lat": 23.8103, "lng": 90.4125}'::jsonb, '{"lat": 23.7806, "lng": 90.2794}'::jsonb, '2026-04-27T01:39:23.026818', 51.8, 21.65, 'Medium', '2026-04-27T01:39:24.505598+00:00'),
    (12, '{"lat": 23.8103, "lng": 90.4125}'::jsonb, '{"lat": 23.7806, "lng": 90.2794}'::jsonb, '2026-04-27T01:39:36.496289', 51.8, 21.65, 'Medium', '2026-04-27T01:39:37.885336+00:00'),
    (13, '{"lat": 23.8103, "lng": 90.4125}'::jsonb, '{"lat": 23.7806, "lng": 90.2794}'::jsonb, '2026-04-27T01:39:44.518410', 51.8, 21.65, 'Medium', '2026-04-27T01:39:45.882947+00:00'),
    (14, '{"lat": 23.8103, "lng": 90.4125}'::jsonb, '{"lat": 23.7806, "lng": 90.2794}'::jsonb, '2026-04-27T01:39:50.977073', 51.8, 21.65, 'Medium', '2026-04-27T01:39:52.459147+00:00'),
    (15, '{"lat": 23.8103, "lng": 90.4125}'::jsonb, '{"lat": 23.7806, "lng": 90.2794}'::jsonb, '2026-04-27T01:40:40.724679', 51.8, 21.65, 'Medium', '2026-04-27T01:40:43.096437+00:00'),
    (16, '{"lat": 23.8103, "lng": 90.4125}'::jsonb, '{"lat": 23.7806, "lng": 90.2794}'::jsonb, '2026-04-27T01:40:46.674641', 51.8, 21.65, 'Medium', '2026-04-27T01:40:49.243261+00:00'),
    (17, '{"lat": 23.8103, "lng": 90.4125}'::jsonb, '{"lat": 23.7806, "lng": 90.2794}'::jsonb, '2026-04-27T01:41:48.006492', 51.8, 21.65, 'Medium', '2026-04-27T01:41:49.459405+00:00'),
    (18, '{"lat": 23.8103, "lng": 90.4125}'::jsonb, '{"lat": 23.7806, "lng": 90.2794}'::jsonb, '2026-04-27T01:41:55.387423', 26.09, 10.8, 'Medium', '2026-04-27T01:42:11.271942+00:00'),
    (19, '{"lat": 23.8103, "lng": 90.4125}'::jsonb, '{"lat": 23.7806, "lng": 90.2794}'::jsonb, '2026-04-27T01:41:57.144039', 26.09, 10.8, 'Medium', '2026-04-27T01:42:13.409474+00:00'),
    (20, '{"lat": 23.8103, "lng": 90.4125}'::jsonb, '{"lat": 23.7806, "lng": 90.2794}'::jsonb, '2026-04-27T01:42:14.067411', 26.09, 10.8, 'Medium', '2026-04-27T01:42:24.434853+00:00'),
    (21, '{"lat": 23.8103, "lng": 90.4125}'::jsonb, '{"lat": 23.7806, "lng": 90.2794}'::jsonb, '2026-04-27T01:42:19.969042', 26.09, 10.8, 'Medium', '2026-04-27T01:42:27.462265+00:00'),
    (22, '{"lat": 23.8103, "lng": 90.4125}'::jsonb, '{"lat": 23.7806, "lng": 90.2794}'::jsonb, '2026-04-27T01:44:48.310441', 26.09, 10.8, 'Medium', '2026-04-27T01:45:04.103712+00:00'),
    (23, '{"lat": 23.8103, "lng": 90.4125}'::jsonb, '{"lat": 23.7806, "lng": 90.2794}'::jsonb, '2026-04-27T01:45:22.750282', 26.09, 10.8, 'Medium', '2026-04-27T01:45:56.355682+00:00'),
    (24, '{"lat": 23.8103, "lng": 90.4125}'::jsonb, '{"lat": 23.7806, "lng": 90.2794}'::jsonb, '2026-04-27T01:45:40.032393', 26.09, 10.8, 'Medium', '2026-04-27T01:46:00.823074+00:00'),
    (25, '{"lat": 23.8103, "lng": 90.4125}'::jsonb, '{"lat": 23.7806, "lng": 90.2794}'::jsonb, '2026-04-27T01:45:44.999315', 26.09, 10.8, 'Medium', '2026-04-27T01:46:02.681003+00:00'),
    (26, '{"lat": 23.8103, "lng": 90.4125}'::jsonb, '{"lat": 23.7806, "lng": 90.2794}'::jsonb, '2026-04-27T01:47:55.036644', 26.09, 10.8, 'Medium', '2026-04-27T01:48:10.574957+00:00'),
    (27, '{"lat": 23.8103, "lng": 90.4125}'::jsonb, '{"lat": 23.7806, "lng": 90.2794}'::jsonb, '2026-04-27T01:48:33.203048', 26.09, 10.8, 'Medium', '2026-04-27T01:48:48.580219+00:00'),
    (28, '{"lat": 23.8103, "lng": 90.4125}'::jsonb, '{"lat": 23.7806, "lng": 90.2794}'::jsonb, '2026-04-27T01:49:10.765554', 26.09, 10.8, 'Medium', '2026-04-27T01:49:23.187030+00:00'),
    (29, '{"lat": 23.8103, "lng": 90.4125}'::jsonb, '{"lat": 23.7806, "lng": 90.2794}'::jsonb, '2026-04-27T01:55:43.052542', 26.09, 10.8, 'Medium', '2026-04-27T01:55:52.426821+00:00'),
    (30, '{"lat": 23.8103, "lng": 90.4125}'::jsonb, '{"lat": 23.7806, "lng": 90.2794}'::jsonb, '2026-04-27T02:13:28.593151', 26.09, 10.8, 'Medium', '2026-04-27T02:13:47.380135+00:00'),
    (31, '{"lat": 23.8103, "lng": 90.4125}'::jsonb, '{"lat": 23.7806, "lng": 90.2794}'::jsonb, '2026-04-27T02:13:44.577966', 26.09, 10.8, 'Medium', '2026-04-27T02:13:53.524142+00:00'),
    (32, '{"lat": 23.8103, "lng": 90.4125}'::jsonb, '{"lat": 23.7806, "lng": 90.2794}'::jsonb, '2026-04-27T02:15:59.628305', 26.09, 10.8, 'Medium', '2026-04-27T02:16:11.893802+00:00'),
    (33, '{"lat": 23.806577841232322, "lng": 90.44635161515328}'::jsonb, '{"lat": 23.7806, "lng": 90.2794}'::jsonb, '2026-04-27T02:19:57.790833', 26.09, 10.8, 'Medium', '2026-04-27T02:20:08.251769+00:00'),
    (34, '{"lat": 23.8103, "lng": 90.4125}'::jsonb, '{"lat": 23.7806, "lng": 90.2794}'::jsonb, '2026-04-27T02:22:55.056592', 26.09, 10.8, 'Medium', '2026-04-27T02:23:07.308081+00:00'),
    (35, '{"lat": 23.8103, "lng": 90.4125}'::jsonb, '{"lat": 23.7806, "lng": 90.2794}'::jsonb, '2026-04-27T02:23:23.301402', 26.09, 10.8, 'Medium', '2026-04-27T02:23:34.549597+00:00'),
    (36, '{"lat": 23.80658, "lng": 90.4}'::jsonb, '{"lat": 23.7806, "lng": 90.2794}'::jsonb, '2026-04-27T02:25:15.324033', 21.03, 8.8, 'Medium', '2026-04-27T02:25:22.817696+00:00'),
    (37, '{"lat": 23.80658, "lng": 90.4}'::jsonb, '{"lat": 23.7806, "lng": 90.2794}'::jsonb, '2026-04-27T02:25:31.881300', 21.03, 8.8, 'Medium', '2026-04-27T02:25:36.928718+00:00'),
    (38, '{"lat": 23.80658, "lng": 90.4}'::jsonb, '{"lat": 23.7806, "lng": 90.2794}'::jsonb, '2026-04-27T02:26:31.023508', 21.03, 8.8, 'Medium', '2026-04-27T02:26:38.237358+00:00'),
    (39, '{"lat": 23.80658, "lng": 90.4}'::jsonb, '{"lat": 23.7806, "lng": 90.2794}'::jsonb, '2026-04-27T02:28:00.894260', 21.03, 8.8, 'Medium', '2026-04-27T02:28:08.917747+00:00'),
    (40, '{"lat": 23.8103, "lng": 90.4125}'::jsonb, '{"lat": 23.7806, "lng": 90.2794}'::jsonb, '2026-04-27T02:29:13.400590', 46.49, 21.65, 'Medium', '2026-04-27T02:29:24.157690+00:00'),
    (41, '{"lat": 23.80658, "lng": 90.4}'::jsonb, '{"lat": 23.7806, "lng": 90.2794}'::jsonb, '2026-04-27T02:32:11.722745', 46.21, 18.96, 'Medium', '2026-04-27T02:32:14.742312+00:00'),
    (42, '{"lat": 23.8103, "lng": 90.4125}'::jsonb, '{"lat": 23.7806, "lng": 90.2794}'::jsonb, '2026-04-27T02:32:45.993056', 51.8, 21.65, 'Medium', '2026-04-27T02:32:54.659702+00:00'),
    (43, '{"lat": 23.8103, "lng": 90.4125}'::jsonb, '{"lat": 23.7806, "lng": 90.2794}'::jsonb, '2026-04-27T02:32:45.990017', 51.8, 21.65, 'Medium', '2026-04-27T02:32:55.545557+00:00'),
    (44, '{"lat": 23.8103, "lng": 90.4125}'::jsonb, '{"lat": 23.7806, "lng": 90.2794}'::jsonb, '2026-04-27T02:32:45.950043', 51.8, 21.65, 'Medium', '2026-04-27T02:32:56.606922+00:00'),
    (45, '{"lat": 23.80658, "lng": 90.4}'::jsonb, '{"lat": 23.7806, "lng": 90.2794}'::jsonb, '2026-04-27T02:33:17.349883', 46.21, 18.96, 'Medium', '2026-04-27T02:33:19.988153+00:00'),
    (46, '{"lat": 23.8103, "lng": 90.4125}'::jsonb, '{"lat": 23.7806, "lng": 90.2794}'::jsonb, '2026-04-27T02:37:07.082827', 51.8, 21.65, 'Medium', '2026-04-27T02:37:12.226694+00:00'),
    (47, '{"lat": 22.3614288, "lng": 91.8154141}'::jsonb, '{"lat": 22.4717058, "lng": 91.7769101}'::jsonb, '2026-04-27T02:39:45.445492', 0.0, 0.0, 'Low', '2026-04-27T02:39:48.478993+00:00'),
    (48, '{"lat": 23.8103, "lng": 90.4125}'::jsonb, '{"lat": 23.7806, "lng": 90.2794}'::jsonb, '2026-05-06T18:59:13.873917+00:00', 41.3, 2.5, 'High', '2026-05-06T18:59:13.884025+00:00'),
    (49, '{"lat": 23.40217213870671, "lng": 90.78586516146662}'::jsonb, '{"lat": 23.06903014938654, "lng": 90.34915861849787}'::jsonb, '2026-05-06T19:09:05.053416', 26.06, 10.8, 'Medium', '2026-05-06T19:09:16.094418+00:00'),
    (50, '{"lat": 23.8103, "lng": 90.4125}'::jsonb, '{"lat": 23.7806, "lng": 90.2794}'::jsonb, '2026-05-06T19:12:07.618026+00:00', 41.3, 2.5, 'High', '2026-05-06T19:12:07.773307+00:00'),
    (51, '{"lat": 23.8103, "lng": 90.4125}'::jsonb, '{"lat": 23.7806, "lng": 90.2794}'::jsonb, '2026-05-06T19:12:15.435099', 66.21, 22.91, 'High', '2026-05-06T19:12:20.266479+00:00'),
    (52, '{"lat": 23.8103, "lng": 90.4125}'::jsonb, '{"lat": 23.7806, "lng": 90.2794}'::jsonb, '2026-05-06T19:16:16.525747', 66.21, 22.91, 'High', '2026-05-06T19:16:20.628124+00:00'),
    (53, '{"lat": 23.8103, "lng": 90.4125}'::jsonb, '{"lat": 23.7806, "lng": 90.2794}'::jsonb, '2026-05-06T19:26:22.722503+00:00', 41.3, 2.5, 'High', '2026-05-06T19:26:22.731429+00:00'),
    (54, '{"lat": 23.447536006250203, "lng": 89.52793059115412}'::jsonb, '{"lat": 23.7806, "lng": 90.2794}'::jsonb, '2026-05-06T19:27:56.564850', 565.14, 187.79, 'High', '2026-05-06T19:28:00.120858+00:00'),
    (55, '{"lat": 23.72695616595844, "lng": 90.2477293977885}'::jsonb, '{"lat": 23.822469177750257, "lng": 90.1158934602885}'::jsonb, '2026-05-06T19:28:16.136665', 77.24, 24.72, 'High', '2026-05-06T19:28:18.993777+00:00'),
    (56, '{"lat": 23.72695616595844, "lng": 90.2477293977885}'::jsonb, '{"lat": 23.8166913, "lng": 90.1346599}'::jsonb, '2026-05-06T19:44:33.478109', 73.04, 23.26, 'High', '2026-05-06T19:44:36.812753+00:00'),
    (57, '{"lat": 23.740100867863465, "lng": 90.25624193733847}'::jsonb, '{"lat": 23.8166913, "lng": 90.1346599}'::jsonb, '2026-05-06T19:44:56.477809', 68.19, 22.14, 'High', '2026-05-06T19:44:59.986494+00:00'),
    (58, '{"lat": 23.7330833, "lng": 90.2650158}'::jsonb, '{"lat": 23.8166913, "lng": 90.1346599}'::jsonb, '2026-05-06T19:45:45.883996', 75.05, 23.53, 'High', '2026-05-06T19:45:48.686283+00:00'),
    (59, '{"lat": 23.7397678, "lng": 90.382567}'::jsonb, '{"lat": 23.8166913, "lng": 90.1346599}'::jsonb, '2026-05-06T19:48:02.922480', 87.9, 30.85, 'High', '2026-05-06T19:48:05.651572+00:00'),
    (60, '{"lat": 23.7397678, "lng": 90.382567}'::jsonb, '{"lat": 23.8166913, "lng": 90.1346599}'::jsonb, '2026-05-06T19:55:42.295523', 87.9, 30.85, 'High', '2026-05-06T19:55:45.991509+00:00'),
    (61, '{"lat": 23.7397678, "lng": 90.382567}'::jsonb, '{"lat": 23.8166913, "lng": 90.1346599}'::jsonb, '2026-05-06T19:57:15.610356', 87.9, 30.85, 'High', '2026-05-06T19:57:18.146979+00:00'),
    (62, '{"lat": 23.8103, "lng": 90.4125}'::jsonb, '{"lat": 23.7806, "lng": 90.2794}'::jsonb, '2026-05-06T20:07:39.456908', 66.21, 22.91, 'High', '2026-05-06T20:07:43.130050+00:00'),
    (63, '{"lat": 23.8103, "lng": 90.4125}'::jsonb, '{"lat": 23.7806, "lng": 90.2794}'::jsonb, '2026-05-06T20:13:17.515993', 66.21, 22.91, 'High', '2026-05-06T20:13:20.530841+00:00'),
    (64, '{"lat": 23.8103, "lng": 90.4125}'::jsonb, '{"lat": 23.7806, "lng": 90.2794}'::jsonb, '2026-05-06T20:13:54.581031+00:00', 41.3, 2.5, 'High', '2026-05-06T20:13:54.623627+00:00'),
    (65, '{"lat": 23.8103, "lng": 90.4125}'::jsonb, '{"lat": 23.7806, "lng": 90.2794}'::jsonb, '2026-05-06T20:30:51.325476+00:00', 41.3, 2.5, 'High', '2026-05-06T20:30:51.382493+00:00'),
    (66, '{"lat": 23.8103, "lng": 90.4125}'::jsonb, '{"lat": 23.7806, "lng": 90.2794}'::jsonb, '2026-05-06T22:10:15.159004+00:00', 41.3, 2.5, 'High', '2026-05-06T22:10:15.830920+00:00'),
    (67, '{"lat": 23.8103, "lng": 90.4125}'::jsonb, '{"lat": 23.7806, "lng": 90.2794}'::jsonb, '2026-05-06T22:18:11.820456+00:00', 41.3, 2.5, 'High', '2026-05-06T22:18:11.989430+00:00'),
    (68, '{"lat": 23.8103, "lng": 90.4125}'::jsonb, '{"lat": 23.7806, "lng": 90.2794}'::jsonb, '2026-05-06T22:18:11.646897', 51.18, 22.91, 'Medium', '2026-05-06T22:18:13.963776+00:00'),
    (69, '{"lat": 23.8103, "lng": 90.4125}'::jsonb, '{"lat": 23.7806, "lng": 90.2794}'::jsonb, '2026-05-06T22:18:15.301883', 51.18, 22.91, 'Medium', '2026-05-06T22:18:18.376595+00:00'),
    (70, '{"lat": 23.8103, "lng": 90.4125}'::jsonb, '{"lat": 23.7806, "lng": 90.2794}'::jsonb, '2026-05-06T22:19:08.742981', 51.18, 22.91, 'Medium', '2026-05-06T22:19:11.605791+00:00'),
    (71, '{"lat": 23.8103, "lng": 90.4125}'::jsonb, '{"lat": 23.7806, "lng": 90.2794}'::jsonb, '2026-05-06T22:20:43.705711', 51.18, 22.91, 'Medium', '2026-05-06T22:20:46.362410+00:00'),
    (72, '{"lat": 24.253199606684454, "lng": 90.70786250000002}'::jsonb, '{"lat": 23.459441380474843, "lng": 90.01572382812502}'::jsonb, '2026-05-06T22:28:25.406458', 400.53, 170.78, 'Medium', '2026-05-06T22:28:28.378919+00:00'),
    (73, '{"lat": 24.073922902472205, "lng": 90.40799580468749}'::jsonb, '{"lat": 23.440439851856443, "lng": 89.85043965234374}'::jsonb, '2026-05-06T22:28:44.721796', 405.2, 168.94, 'Medium', '2026-05-06T22:28:47.821220+00:00'),
    (74, '{"lat": 24.073922902472205, "lng": 90.40799580468749}'::jsonb, '{"lat": 23.440439851856443, "lng": 89.85043965234374}'::jsonb, '2026-05-06T22:30:01.277503', 405.2, 168.94, 'Medium', '2026-05-06T22:30:04.764173+00:00'),
    (75, '{"lat": 23.8103, "lng": 90.4125}'::jsonb, '{"lat": 23.7806, "lng": 90.2794}'::jsonb, '2026-05-06T22:30:29.114795+00:00', 41.3, 2.5, 'High', '2026-05-06T22:30:29.135192+00:00'),
    (76, '{"lat": 24.076268380467106, "lng": 90.04260535937502}'::jsonb, '{"lat": 23.666874669846877, "lng": 89.34497352343752}'::jsonb, '2026-05-06T22:30:29.344178', 389.34, 165.03, 'Medium', '2026-05-06T22:30:33.466658+00:00'),
    (77, '{"lat": 23.531803473308397, "lng": 90.78065107531452}'::jsonb, '{"lat": 23.520175729068303, "lng": 90.4998997737359}'::jsonb, '2026-05-06T22:31:39.711690', 117.4, 52.59, 'Medium', '2026-05-06T22:31:42.395791+00:00'),
    (78, '{"lat": 23.5483797, "lng": 90.5349722}'::jsonb, '{"lat": 23.531803473308397, "lng": 90.78065107531452}'::jsonb, '2026-05-06T22:31:59.473011', 112.34, 46.27, 'Medium', '2026-05-06T22:32:01.721813+00:00'),
    (79, '{"lat": 23.81007979218961, "lng": 90.45717202189364}'::jsonb, '{"lat": 23.8189265, "lng": 90.4368229}'::jsonb, '2026-05-06T22:37:09.624641', 7.74, 3.13, 'Medium', '2026-05-06T22:37:13.482856+00:00'),
    (80, '{"lat": 23.81007979218961, "lng": 90.45717202189364}'::jsonb, '{"lat": 23.8189265, "lng": 90.4368229}'::jsonb, '2026-05-06T22:38:31.787958', 7.74, 3.13, 'Medium', '2026-05-06T22:38:34.766650+00:00'),
    (81, '{"lat": 23.531643516449183, "lng": 90.78058405201251}'::jsonb, '{"lat": 23.8189265, "lng": 90.4368229}'::jsonb, '2026-05-06T22:40:37.367264', 148.42, 66.91, 'Medium', '2026-05-06T22:40:40.153089+00:00'),
    (82, '{"lat": 23.8103, "lng": 90.4125}'::jsonb, '{"lat": 23.7806, "lng": 90.2794}'::jsonb, '2026-06-16T05:08:08.312574+00:00', 41.3, 2.5, 'High', '2026-06-16T05:08:08.317052+00:00'),
    (83, '{"lat": 23.8103, "lng": 90.4125}'::jsonb, '{"lat": 23.7806, "lng": 90.2794}'::jsonb, '2026-06-16T05:13:42.808871+00:00', 41.3, 2.5, 'High', '2026-06-16T05:13:42.813294+00:00'),
    (84, '{"lat": 23.8103, "lng": 90.4125}'::jsonb, '{"lat": 23.7806, "lng": 90.2794}'::jsonb, '2026-04-25T09:00:00', 61.36, 22.2, 'High', '2026-06-16T05:20:11.391148+00:00'),
    (85, '{"lat": 23.8103, "lng": 90.4125}'::jsonb, '{"lat": 23.7806, "lng": 90.2794}'::jsonb, '2026-06-16T05:20:17.836306+00:00', 41.3, 2.5, 'High', '2026-06-16T05:20:17.842624+00:00'),
    (86, '{"lat": 23.8103, "lng": 90.4125}'::jsonb, '{"lat": 23.7806, "lng": 90.2794}'::jsonb, '2026-06-16T06:01:33.459793', 51.73, 22.2, 'Medium', '2026-06-16T06:01:34.956891+00:00'),
    (87, '{"lat": 23.8103, "lng": 90.4125}'::jsonb, '{"lat": 23.7806, "lng": 90.2794}'::jsonb, '2026-06-16T06:38:36.103244', 51.73, 22.2, 'Medium', '2026-06-16T06:38:37.677860+00:00'),
    (88, '{"lat": 23.7806, "lng": 90.4193}'::jsonb, '{"lat": 23.733, "lng": 90.4172}'::jsonb, '2026-06-16T06:43:16.792339', 20.35, 8.83, 'Medium', '2026-06-16T06:43:17.892004+00:00'),
    (89, '{"lat": 23.7806, "lng": 90.4193}'::jsonb, '{"lat": 23.733, "lng": 90.4172}'::jsonb, '2026-06-16T06:43:16.773034', 20.35, 8.83, 'Medium', '2026-06-16T06:43:18.817325+00:00'),
    (90, '{"lat": 23.8759, "lng": 90.3795}'::jsonb, '{"lat": 23.7383, "lng": 90.3956}'::jsonb, '2026-06-16T06:43:37.357053', 52.32, 22.86, 'Medium', '2026-06-16T06:43:38.528769+00:00'),
    (91, '{"lat": 23.8759, "lng": 90.3795}'::jsonb, '{"lat": 23.7383, "lng": 90.3956}'::jsonb, '2026-06-16T06:43:37.375159', 52.32, 22.86, 'Medium', '2026-06-16T06:43:38.531910+00:00'),
    (92, '{"lat": 23.8759, "lng": 90.3795}'::jsonb, '{"lat": 23.7383, "lng": 90.3956}'::jsonb, '2026-06-16T06:43:40.757397', 52.32, 22.86, 'Medium', '2026-06-16T06:43:41.643171+00:00'),
    (93, '{"lat": 23.7806, "lng": 90.4193}'::jsonb, '{"lat": 23.733, "lng": 90.4172}'::jsonb, '2026-06-16T06:43:54.875887', 20.35, 8.83, 'Medium', '2026-06-16T06:43:55.965267+00:00'),
    (94, '{"lat": 23.7806, "lng": 90.4193}'::jsonb, '{"lat": 23.733, "lng": 90.4172}'::jsonb, '2026-06-16T06:43:54.908006', 20.35, 8.83, 'Medium', '2026-06-16T06:43:56.028383+00:00'),
    (95, '{"lat": 23.7806, "lng": 90.4193}'::jsonb, '{"lat": 23.733, "lng": 90.4172}'::jsonb, '2026-06-16T06:43:57.790549', 20.35, 8.83, 'Medium', '2026-06-16T06:43:58.597242+00:00'),
    (96, '{"lat": 23.780553, "lng": 90.4169}'::jsonb, '{"lat": 23.733, "lng": 90.4172}'::jsonb, '2026-06-16T06:44:09.603464', 20.69, 9.11, 'Medium', '2026-06-16T06:44:10.507489+00:00'),
    (97, '{"lat": 23.7516, "lng": 90.3776}'::jsonb, '{"lat": 23.7806, "lng": 90.4193}'::jsonb, '2026-06-16T06:44:27.782277', 16.37, 7.23, 'Medium', '2026-06-16T06:44:28.971500+00:00'),
    (98, '{"lat": 23.7516, "lng": 90.3776}'::jsonb, '{"lat": 23.7806, "lng": 90.4193}'::jsonb, '2026-06-16T06:44:27.783695', 16.37, 7.23, 'Medium', '2026-06-16T06:44:28.990001+00:00'),
    (99, '{"lat": 23.7516, "lng": 90.3776}'::jsonb, '{"lat": 23.7806, "lng": 90.4193}'::jsonb, '2026-06-16T06:44:30.939849', 16.37, 7.23, 'Medium', '2026-06-16T06:44:31.677612+00:00'),
    (100, '{"lat": 23.7516, "lng": 90.3776}'::jsonb, '{"lat": 23.7806, "lng": 90.4193}'::jsonb, '2026-06-16T06:48:06.494560', 16.37, 7.23, 'Medium', '2026-06-16T06:48:07.563734+00:00'),
    (101, '{"lat": 23.7516, "lng": 90.3776}'::jsonb, '{"lat": 23.7806, "lng": 90.4193}'::jsonb, '2026-06-16T06:48:06.819669', 16.37, 7.23, 'Medium', '2026-06-16T06:48:07.783244+00:00'),
    (102, '{"lat": 23.7516, "lng": 90.3776}'::jsonb, '{"lat": 23.7806, "lng": 90.4193}'::jsonb, '2026-06-16T06:48:26.133287', 16.37, 7.23, 'Medium', '2026-06-16T06:48:27.167207+00:00'),
    (103, '{"lat": 23.7516, "lng": 90.3776}'::jsonb, '{"lat": 23.7806, "lng": 90.4193}'::jsonb, '2026-06-16T06:48:26.143386', 16.37, 7.23, 'Medium', '2026-06-16T06:48:27.312511+00:00'),
    (104, '{"lat": 23.7516, "lng": 90.3776}'::jsonb, '{"lat": 23.7806, "lng": 90.4193}'::jsonb, '2026-06-16T06:48:28.260745', 16.37, 7.23, 'Medium', '2026-06-16T06:48:28.991545+00:00'),
    (105, '{"lat": 23.7516, "lng": 90.3776}'::jsonb, '{"lat": 23.7806, "lng": 90.4193}'::jsonb, '2026-06-16T06:49:47.259078', 16.37, 7.23, 'Medium', '2026-06-16T06:49:48.340272+00:00'),
    (106, '{"lat": 23.7516, "lng": 90.3776}'::jsonb, '{"lat": 23.7806, "lng": 90.4193}'::jsonb, '2026-06-16T06:49:47.256570', 16.37, 7.23, 'Medium', '2026-06-16T06:49:48.343600+00:00'),
    (107, '{"lat": 23.7806, "lng": 90.4193}'::jsonb, '{"lat": 23.733, "lng": 90.4172}'::jsonb, '2026-06-16T06:58:41.723642', 20.32, 8.87, 'Medium', '2026-06-16T06:58:42.766062+00:00'),
    (108, '{"lat": 23.7806, "lng": 90.4193}'::jsonb, '{"lat": 23.733, "lng": 90.4172}'::jsonb, '2026-06-16T06:58:41.717002', 20.32, 8.87, 'Medium', '2026-06-16T06:58:42.796982+00:00'),
    (109, '{"lat": 23.8103, "lng": 90.4125}'::jsonb, '{"lat": 23.7806, "lng": 90.2794}'::jsonb, '2026-06-16T06:58:52.810953+00:00', 41.3, 2.5, 'High', '2026-06-16T06:58:54.177504+00:00'),
    (110, '{"lat": 22.3676, "lng": 91.7827}'::jsonb, '{"lat": 23.4619, "lng": 91.185}'::jsonb, '2026-06-16T07:00:06.735817', 512.01, 144.49, 'High', '2026-06-16T07:00:07.859335+00:00'),
    (111, '{"lat": 22.3676, "lng": 91.7827}'::jsonb, '{"lat": 23.4619, "lng": 91.185}'::jsonb, '2026-06-16T07:00:06.723155', 512.01, 144.49, 'High', '2026-06-16T07:00:07.915687+00:00'),
    (112, '{"lat": 23.800976074654383, "lng": 90.34925575913306}'::jsonb, '{"lat": 23.78658076195728, "lng": 90.47530174733775}'::jsonb, '2026-06-16T07:24:02.438011', 103.42, 33.34, 'High', '2026-06-16T07:24:03.534107+00:00'),
    (113, '{"lat": 0.0, "lng": 0.0}'::jsonb, '{"lat": 0.0, "lng": 0.0}'::jsonb, '2026-06-16T07:26:19.239515', 0.0, 0.0, 'Low', '2026-06-16T07:26:24.439046+00:00'),
    (114, '{"lat": 23.862809804032473, "lng": 90.22369372851621}'::jsonb, '{"lat": 23.706985031963125, "lng": 90.22506701953183}'::jsonb, '2026-06-16T07:26:50.694716', 89.07, 29.04, 'High', '2026-06-16T07:26:51.726171+00:00'),
    (115, '{"lat": 23.800834465939637, "lng": 90.34919173550216}'::jsonb, '{"lat": 23.706985031963125, "lng": 90.22506701953183}'::jsonb, '2026-06-16T07:33:18.202318', 94.58, 31.9, 'High', '2026-06-16T07:33:19.279739+00:00'),
    (116, '{"lat": 23.63667840099842, "lng": 90.20637309664001}'::jsonb, '{"lat": 23.437751100599016, "lng": 90.07041728609313}'::jsonb, '2026-06-16T07:37:22.881744', 240.61, 80.9, 'High', '2026-06-16T07:37:23.857409+00:00'),
    (117, '{"lat": 22.333778, "lng": 91.8344348}'::jsonb, '{"lat": 23.4609839, "lng": 91.1812216}'::jsonb, '2026-06-16T07:40:15.644335', 415.27, 153.07, 'High', '2026-06-16T07:40:16.483914+00:00'),
    (118, '{"lat": 22.532469242766258, "lng": 92.02530875976566}'::jsonb, '{"lat": 22.760602342640823, "lng": 91.85035933593753}'::jsonb, '2026-06-16T07:40:32.284089', 155.08, 52.51, 'High', '2026-06-16T07:40:35.408372+00:00'),
    (119, '{"lat": 22.466114638307662, "lng": 92.12586828613284}'::jsonb, '{"lat": 22.760602342640823, "lng": 91.85035933593753}'::jsonb, '2026-06-16T07:40:46.187312', 215.37, 67.57, 'High', '2026-06-16T07:40:49.070346+00:00'),
    (120, '{"lat": 22.466114638307662, "lng": 92.12586828613284}'::jsonb, '{"lat": 23.098991828594738, "lng": 91.96974418662879}'::jsonb, '2026-06-16T07:41:10.372764', 255.9, 91.36, 'High', '2026-06-16T07:41:11.349709+00:00'),
    (121, '{"lat": 0.0, "lng": 0.0}'::jsonb, '{"lat": 0.0, "lng": 0.0}'::jsonb, '2026-06-16T07:53:36.959193', 0.0, 0.0, 'Low', '2026-06-16T07:53:41.272367+00:00'),
    (122, '{"lat": 24.193085424402437, "lng": 89.92783320312502}'::jsonb, '{"lat": 23.670914006445617, "lng": 90.21897089843752}'::jsonb, '2026-06-16T07:53:51.988588', 278.9, 93.0, 'High', '2026-06-16T07:53:53.012245+00:00'),
    (123, '{"lat": 24.152669361653576, "lng": 90.02623469451267}'::jsonb, '{"lat": 24.001271592394065, "lng": 90.17901332000095}'::jsonb, '2026-06-16T07:55:47.960720', 118.52, 34.44, 'High', '2026-06-16T07:55:48.669875+00:00'),
    (124, '{"lat": 24.152669361653576, "lng": 90.02623469451267}'::jsonb, '{"lat": 23.914531280374423, "lng": 90.15160385742185}'::jsonb, '2026-06-16T07:55:59.780731', 124.57, 39.51, 'High', '2026-06-16T07:56:00.492132+00:00'),
    (125, '{"lat": 24.152669361653576, "lng": 90.02623469451267}'::jsonb, '{"lat": 23.914531280374423, "lng": 90.15160385742185}'::jsonb, '2026-06-16T07:58:53.350959', 124.57, 39.51, 'High', '2026-06-16T07:58:54.613276+00:00'),
    (126, '{"lat": 24.152669361653576, "lng": 90.02623469451267}'::jsonb, '{"lat": 23.914531280374423, "lng": 90.15160385742185}'::jsonb, '2026-06-16T07:58:56.656472', 124.57, 39.51, 'High', '2026-06-16T07:58:57.558611+00:00'),
    (127, '{"lat": 0.0, "lng": 0.0}'::jsonb, '{"lat": 0.0, "lng": 0.0}'::jsonb, '2026-06-16T08:00:29.088522', 0.0, 0.0, 'Low', '2026-06-16T08:00:33.905793+00:00'),
    (128, '{"lat": 23.96487706452024, "lng": 90.31168040979115}'::jsonb, '{"lat": 23.759537001291736, "lng": 90.41261729943959}'::jsonb, '2026-06-16T08:00:45.236634', 115.33, 38.78, 'High', '2026-06-16T08:00:46.316541+00:00'),
    (129, '{"lat": 23.96487706452024, "lng": 90.31168040979115}'::jsonb, '{"lat": 23.759537001291736, "lng": 90.41261729943959}'::jsonb, '2026-06-16T08:04:04.835102', 115.33, 38.78, 'High', '2026-06-16T08:04:05.862327+00:00'),
    (130, '{"lat": 23.96487706452024, "lng": 90.31168040979115}'::jsonb, '{"lat": 23.759537001291736, "lng": 90.41261729943959}'::jsonb, '2026-06-16T08:05:13.176837', 115.33, 38.78, 'High', '2026-06-16T08:05:15.312358+00:00'),
    (131, '{"lat": 23.908881666138047, "lng": 90.32190019478197}'::jsonb, '{"lat": 23.826937583215177, "lng": 90.34593278755541}'::jsonb, '2026-06-16T08:06:58.032442', 38.24, 14.21, 'High', '2026-06-16T08:06:58.982132+00:00'),
    (132, '{"lat": 23.94052178747726, "lng": 90.28487297761781}'::jsonb, '{"lat": 23.73074306354486, "lng": 90.42632195222718}'::jsonb, '2026-06-16T08:11:07.591915', 113.22, 37.7, 'High', '2026-06-16T08:11:08.525675+00:00'),
    (133, '{"lat": 23.922069871410155, "lng": 90.28075712845737}'::jsonb, '{"lat": 23.70089363105933, "lng": 90.43731431618178}'::jsonb, '2026-06-16T08:11:58.260862', 119.68, 41.54, 'High', '2026-06-16T08:11:59.542134+00:00'),
    (134, '{"lat": 23.804575887155064, "lng": 90.37029094726562}'::jsonb, '{"lat": 23.70089363105933, "lng": 90.43731431618178}'::jsonb, '2026-06-16T08:12:15.015810', 47.7, 15.39, 'High', '2026-06-16T08:12:16.836181+00:00'),
    (135, '{"lat": 23.843485308613833, "lng": 90.41458165926059}'::jsonb, '{"lat": 23.70089363105933, "lng": 90.43731431618178}'::jsonb, '2026-06-16T08:12:39.718767', 55.31, 20.5, 'High', '2026-06-16T08:12:40.627353+00:00'),
    (136, '{"lat": 23.9754101742773, "lng": 90.2611544794196}'::jsonb, '{"lat": 23.69905854063289, "lng": 90.4589083856696}'::jsonb, '2026-06-16T08:13:01.143081', 150.06, 52.94, 'High', '2026-06-16T08:13:02.249587+00:00'),
    (137, '{"lat": 23.9754101742773, "lng": 90.2611544794196}'::jsonb, '{"lat": 23.69905854063289, "lng": 90.4589083856696}'::jsonb, '2026-06-16T08:14:10.618548', 150.06, 52.94, 'High', '2026-06-16T08:14:13.136438+00:00'),
    (138, '{"lat": 23.9754101742773, "lng": 90.2611544794196}'::jsonb, '{"lat": 22.35310127621131, "lng": 91.82941097601153}'::jsonb, '2026-06-16T08:14:37.462565', 903.79, 288.96, 'High', '2026-06-16T08:14:38.392645+00:00'),
    (139, '{"lat": 23.9754101742773, "lng": 90.2611544794196}'::jsonb, '{"lat": 22.35310127621131, "lng": 91.82941097601153}'::jsonb, '2026-06-16T08:14:47.522407', 903.79, 288.96, 'High', '2026-06-16T08:14:48.943942+00:00'),
    (140, '{"lat": 24.154152548452565, "lng": 90.42628515185544}'::jsonb, '{"lat": 23.82103441845347, "lng": 90.42010534228513}'::jsonb, '2026-06-16T08:18:44.223758', 127.29, 39.36, 'High', '2026-06-16T08:18:45.314005+00:00'),
    (141, '{"lat": 23.779273152565406, "lng": 90.35655568139647}'::jsonb, '{"lat": 22.364621076967218, "lng": 91.82423516794707}'::jsonb, '2026-06-16T08:19:16.856223', 837.09, 251.1, 'High', '2026-06-16T08:19:17.889591+00:00'),
    (142, '{"lat": 23.7791372, "lng": 90.3565106}'::jsonb, '{"lat": 22.364621076967218, "lng": 91.82423516794707}'::jsonb, '2026-06-16T08:22:20.806643', 837.09, 251.1, 'High', '2026-06-16T08:22:21.863426+00:00'),
    (143, '{"lat": 23.8103, "lng": 90.4125}'::jsonb, '{"lat": 23.7806, "lng": 90.2794}'::jsonb, '2026-06-16T08:26:09.205555+00:00', 41.3, 2.5, 'High', '2026-06-16T08:26:10.130609+00:00'),
    (144, '{"lat": 23.8123629, "lng": 90.3640891}'::jsonb, '{"lat": 22.6839449, "lng": 91.789139}'::jsonb, '2026-06-16T08:27:54.137539', 764.52, 239.38, 'High', '2026-06-16T08:27:54.913194+00:00');

INSERT INTO alerts (id, severity, title, message, context_json, status, created_at) VALUES
    (1, 'critical', 'Critical Congestion Corridor', 'Traffic is critically high and ETA crossed 35 minutes.', '{"eta_minutes": 41.3, "traffic_level": "High", "high_segments": 2}'::jsonb, 'active', '2026-04-26T17:31:03.782663'),
    (2, 'high', 'Multi-Segment High Congestion', 'Two or more route segments are in high congestion state.', '{"segment_id": "T-001", "from_node": "A", "to_node": "B", "high_segments": 2}'::jsonb, 'active', '2026-04-26T17:31:03.834413'),
    (3, 'medium', 'Segment Alert', 'Segment shows high congestion for predicted timestamp.', '{"segment_id": "R102", "predicted_travel_time": 5.5, "predicted_speed": 8.5}'::jsonb, 'active', '2026-04-26T17:31:03.897844'),
    (4, 'critical', 'Critical Congestion Corridor', 'Traffic is critically high and ETA crossed 35 minutes.', '{"eta_minutes": 41.3, "traffic_level": "High", "high_segments": 2}'::jsonb, 'active', '2026-04-26T17:31:09.123450'),
    (5, 'high', 'Multi-Segment High Congestion', 'Two or more route segments are in high congestion state.', '{"segment_id": "T-001", "from_node": "A", "to_node": "B", "high_segments": 2}'::jsonb, 'active', '2026-04-26T17:31:09.175359'),
    (6, 'medium', 'Segment Alert', 'Segment shows high congestion for predicted timestamp.', '{"segment_id": "R102", "predicted_travel_time": 5.5, "predicted_speed": 8.5}'::jsonb, 'active', '2026-04-26T17:31:09.241509'),
    (7, 'critical', 'Critical Congestion Corridor', 'Traffic is critically high and ETA crossed 35 minutes.', '{"eta_minutes": 41.3, "traffic_level": "High", "high_segments": 2}'::jsonb, 'active', '2026-04-26T17:31:31.025783+00:00'),
    (8, 'high', 'Multi-Segment High Congestion', 'Two or more route segments are in high congestion state.', '{"segment_id": "T-001", "from_node": "A", "to_node": "B", "high_segments": 2}'::jsonb, 'active', '2026-04-26T17:31:31.076793+00:00'),
    (9, 'medium', 'Segment Alert', 'Segment shows high congestion for predicted timestamp.', '{"segment_id": "R102", "predicted_travel_time": 5.5, "predicted_speed": 8.5}'::jsonb, 'active', '2026-04-26T17:31:31.137235+00:00'),
    (10, 'critical', 'Critical Congestion Corridor', 'Traffic is critically high and ETA crossed 35 minutes.', '{"eta_minutes": 61.69, "traffic_level": "High", "high_segments": 8}'::jsonb, 'active', '2026-04-26T17:37:24.578272+00:00'),
    (11, 'high', 'Multi-Segment High Congestion', 'Two or more route segments are in high congestion state.', '{"segment_id": "OSRM-0-0-4", "from_node": "Road 5 (start)", "to_node": "Road 5 (end)", "high_segments": 8}'::jsonb, 'active', '2026-04-26T17:37:25.219995+00:00'),
    (12, 'critical', 'Critical Congestion Corridor', 'Traffic is critically high and ETA crossed 35 minutes.', '{"eta_minutes": 35.66, "traffic_level": "High", "high_segments": 5}'::jsonb, 'active', '2026-04-26T17:49:34.764432+00:00'),
    (13, 'high', 'Multi-Segment High Congestion', 'Two or more route segments are in high congestion state.', '{"segment_id": "OSRM-0-0-4", "from_node": "\u099a\u09bf\u09a1\u09bc\u09bf\u09af\u09bc\u09be\u0996\u09be\u09a8\u09be \u09b8\u09a1\u09bc\u0995 (start)", "to_node": "\u099a\u09bf\u09a1\u09bc\u09bf\u09af\u09bc\u09be\u0996\u09be\u09a8\u09be \u09b8\u09a1\u09bc\u0995 (end)", "high_segments": 5}'::jsonb, 'active', '2026-04-26T17:49:34.816276+00:00'),
    (14, 'critical', 'Critical Congestion Corridor', 'Traffic is critically high and ETA crossed 35 minutes.', '{"eta_minutes": 52.49, "traffic_level": "High", "high_segments": 2}'::jsonb, 'active', '2026-04-26T17:57:48.923515+00:00'),
    (15, 'high', 'Multi-Segment High Congestion', 'Two or more route segments are in high congestion state.', '{"segment_id": "OSRM-0-0-4", "from_node": "Chittagong - Rangamati Road (start)", "to_node": "Chittagong - Rangamati Road (end)", "high_segments": 2}'::jsonb, 'active', '2026-04-26T17:57:49.107642+00:00'),
    (16, 'critical', 'Critical Congestion Corridor', 'Traffic is critically high and ETA crossed 35 minutes.', '{"eta_minutes": 52.49, "traffic_level": "High", "high_segments": 2}'::jsonb, 'active', '2026-04-26T17:58:36.788193+00:00'),
    (17, 'high', 'Multi-Segment High Congestion', 'Two or more route segments are in high congestion state.', '{"segment_id": "OSRM-0-0-4", "from_node": "Chittagong - Rangamati Road (start)", "to_node": "Chittagong - Rangamati Road (end)", "high_segments": 2}'::jsonb, 'active', '2026-04-26T17:58:36.841470+00:00'),
    (18, 'critical', 'Critical Congestion Corridor', 'Traffic is critically high and ETA crossed 35 minutes.', '{"eta_minutes": 41.3, "traffic_level": "High", "high_segments": 2}'::jsonb, 'active', '2026-05-06T18:59:13.971907+00:00'),
    (19, 'high', 'Multi-Segment High Congestion', 'Two or more route segments are in high congestion state.', '{"segment_id": "T-001", "from_node": "A", "to_node": "B", "high_segments": 2}'::jsonb, 'active', '2026-05-06T18:59:14.167249+00:00'),
    (20, 'medium', 'Segment Alert', 'Segment shows high congestion for predicted timestamp.', '{"segment_id": "R102", "predicted_travel_time": 5.5, "predicted_speed": 8.5}'::jsonb, 'active', '2026-05-06T18:59:14.411109+00:00'),
    (21, 'critical', 'Critical Congestion Corridor', 'Traffic is critically high and ETA crossed 35 minutes.', '{"eta_minutes": 41.3, "traffic_level": "High", "high_segments": 2}'::jsonb, 'active', '2026-05-06T19:12:09.646645+00:00'),
    (22, 'high', 'Multi-Segment High Congestion', 'Two or more route segments are in high congestion state.', '{"segment_id": "T-001", "from_node": "A", "to_node": "B", "high_segments": 2}'::jsonb, 'active', '2026-05-06T19:12:09.754373+00:00'),
    (23, 'medium', 'Segment Alert', 'Segment shows high congestion for predicted timestamp.', '{"segment_id": "R102", "predicted_travel_time": 5.5, "predicted_speed": 8.5}'::jsonb, 'active', '2026-05-06T19:12:09.828780+00:00'),
    (24, 'critical', 'Critical Congestion Corridor', 'Traffic is critically high and ETA crossed 35 minutes.', '{"eta_minutes": 66.21, "traffic_level": "High", "high_segments": 9}'::jsonb, 'active', '2026-05-06T19:12:20.454747+00:00'),
    (25, 'high', 'Multi-Segment High Congestion', 'Two or more route segments are in high congestion state.', '{"segment_id": "OSRM-1-0-0", "from_node": "Lane 11 East (start)", "to_node": "Lane 11 East (end)", "high_segments": 9}'::jsonb, 'active', '2026-05-06T19:12:20.677187+00:00'),
    (26, 'critical', 'Critical Congestion Corridor', 'Traffic is critically high and ETA crossed 35 minutes.', '{"eta_minutes": 66.21, "traffic_level": "High", "high_segments": 9}'::jsonb, 'active', '2026-05-06T19:16:20.784672+00:00'),
    (27, 'high', 'Multi-Segment High Congestion', 'Two or more route segments are in high congestion state.', '{"segment_id": "OSRM-1-0-0", "from_node": "Lane 11 East (start)", "to_node": "Lane 11 East (end)", "high_segments": 9}'::jsonb, 'active', '2026-05-06T19:16:20.847004+00:00'),
    (28, 'critical', 'Critical Congestion Corridor', 'Traffic is critically high and ETA crossed 35 minutes.', '{"eta_minutes": 41.3, "traffic_level": "High", "high_segments": 2}'::jsonb, 'active', '2026-05-06T19:26:23.783541+00:00'),
    (29, 'high', 'Multi-Segment High Congestion', 'Two or more route segments are in high congestion state.', '{"segment_id": "T-001", "from_node": "A", "to_node": "B", "high_segments": 2}'::jsonb, 'active', '2026-05-06T19:26:23.975418+00:00'),
    (30, 'medium', 'Segment Alert', 'Segment shows high congestion for predicted timestamp.', '{"segment_id": "R102", "predicted_travel_time": 5.5, "predicted_speed": 8.5}'::jsonb, 'active', '2026-05-06T19:26:24.225027+00:00'),
    (31, 'critical', 'Critical Congestion Corridor', 'Traffic is critically high and ETA crossed 35 minutes.', '{"eta_minutes": 565.14, "traffic_level": "High", "high_segments": 25}'::jsonb, 'active', '2026-05-06T19:28:00.500632+00:00'),
    (32, 'high', 'Multi-Segment High Congestion', 'Two or more route segments are in high congestion state.', '{"segment_id": "OSRM-1-0-0", "from_node": "Mohammadpur Road (start)", "to_node": "Mohammadpur Road (end)", "high_segments": 25}'::jsonb, 'active', '2026-05-06T19:28:00.555435+00:00'),
    (33, 'critical', 'Critical Congestion Corridor', 'Traffic is critically high and ETA crossed 35 minutes.', '{"eta_minutes": 77.24, "traffic_level": "High", "high_segments": 7}'::jsonb, 'active', '2026-05-06T19:28:19.137440+00:00'),
    (34, 'high', 'Multi-Segment High Congestion', 'Two or more route segments are in high congestion state.', '{"segment_id": "OSRM-0-0-0", "from_node": "Road 1 (start)", "to_node": "Road 1 (end)", "high_segments": 7}'::jsonb, 'active', '2026-05-06T19:28:19.202597+00:00'),
    (35, 'critical', 'Critical Congestion Corridor', 'Traffic is critically high and ETA crossed 35 minutes.', '{"eta_minutes": 73.04, "traffic_level": "High", "high_segments": 6}'::jsonb, 'active', '2026-05-06T19:44:36.873916+00:00'),
    (36, 'high', 'Multi-Segment High Congestion', 'Two or more route segments are in high congestion state.', '{"segment_id": "OSRM-0-0-0", "from_node": "Road 1 (start)", "to_node": "Road 1 (end)", "high_segments": 6}'::jsonb, 'active', '2026-05-06T19:44:36.941334+00:00'),
    (37, 'critical', 'Critical Congestion Corridor', 'Traffic is critically high and ETA crossed 35 minutes.', '{"eta_minutes": 68.19, "traffic_level": "High", "high_segments": 5}'::jsonb, 'active', '2026-05-06T19:45:00.379848+00:00'),
    (38, 'high', 'Multi-Segment High Congestion', 'Two or more route segments are in high congestion state.', '{"segment_id": "OSRM-0-0-0", "from_node": "Road 1 (start)", "to_node": "Road 1 (end)", "high_segments": 5}'::jsonb, 'active', '2026-05-06T19:45:00.432203+00:00'),
    (39, 'critical', 'Critical Congestion Corridor', 'Traffic is critically high and ETA crossed 35 minutes.', '{"eta_minutes": 75.05, "traffic_level": "High", "high_segments": 6}'::jsonb, 'active', '2026-05-06T19:45:48.829500+00:00'),
    (40, 'high', 'Multi-Segment High Congestion', 'Two or more route segments are in high congestion state.', '{"segment_id": "OSRM-0-0-0", "from_node": "Road 1 (start)", "to_node": "Road 1 (end)", "high_segments": 6}'::jsonb, 'active', '2026-05-06T19:45:48.881718+00:00'),
    (41, 'critical', 'Critical Congestion Corridor', 'Traffic is critically high and ETA crossed 35 minutes.', '{"eta_minutes": 87.9, "traffic_level": "High", "high_segments": 9}'::jsonb, 'active', '2026-05-06T19:48:05.805215+00:00'),
    (42, 'high', 'Multi-Segment High Congestion', 'Two or more route segments are in high congestion state.', '{"segment_id": "OSRM-0-0-0", "from_node": "\u09a7\u09be\u09a8\u09ae\u09a3\u09cd\u09a1\u09bf \u09e8 (start)", "to_node": "\u09a7\u09be\u09a8\u09ae\u09a3\u09cd\u09a1\u09bf \u09e8 (end)", "high_segments": 9}'::jsonb, 'active', '2026-05-06T19:48:05.977861+00:00'),
    (43, 'critical', 'Critical Congestion Corridor', 'Traffic is critically high and ETA crossed 35 minutes.', '{"eta_minutes": 87.9, "traffic_level": "High", "high_segments": 9}'::jsonb, 'active', '2026-05-06T19:55:46.049474+00:00'),
    (44, 'high', 'Multi-Segment High Congestion', 'Two or more route segments are in high congestion state.', '{"segment_id": "OSRM-0-0-0", "from_node": "\u09a7\u09be\u09a8\u09ae\u09a3\u09cd\u09a1\u09bf \u09e8 (start)", "to_node": "\u09a7\u09be\u09a8\u09ae\u09a3\u09cd\u09a1\u09bf \u09e8 (end)", "high_segments": 9}'::jsonb, 'active', '2026-05-06T19:55:46.112085+00:00'),
    (45, 'critical', 'Critical Congestion Corridor', 'Traffic is critically high and ETA crossed 35 minutes.', '{"eta_minutes": 87.9, "traffic_level": "High", "high_segments": 9}'::jsonb, 'active', '2026-05-06T19:57:18.293663+00:00'),
    (46, 'high', 'Multi-Segment High Congestion', 'Two or more route segments are in high congestion state.', '{"segment_id": "OSRM-0-0-0", "from_node": "\u09a7\u09be\u09a8\u09ae\u09a3\u09cd\u09a1\u09bf \u09e8 (start)", "to_node": "\u09a7\u09be\u09a8\u09ae\u09a3\u09cd\u09a1\u09bf \u09e8 (end)", "high_segments": 9}'::jsonb, 'active', '2026-05-06T19:57:18.455930+00:00'),
    (47, 'critical', 'Critical Congestion Corridor', 'Traffic is critically high and ETA crossed 35 minutes.', '{"eta_minutes": 66.21, "traffic_level": "High", "high_segments": 9}'::jsonb, 'active', '2026-05-06T20:07:43.258108+00:00'),
    (48, 'high', 'Multi-Segment High Congestion', 'Two or more route segments are in high congestion state.', '{"segment_id": "OSRM-1-0-0", "from_node": "Lane 11 East (start)", "to_node": "Lane 11 East (end)", "high_segments": 9}'::jsonb, 'active', '2026-05-06T20:07:43.318025+00:00'),
    (49, 'critical', 'Critical Congestion Corridor', 'Traffic is critically high and ETA crossed 35 minutes.', '{"eta_minutes": 66.21, "traffic_level": "High", "high_segments": 9}'::jsonb, 'active', '2026-05-06T20:13:21.134155+00:00'),
    (50, 'high', 'Multi-Segment High Congestion', 'Two or more route segments are in high congestion state.', '{"segment_id": "OSRM-1-0-0", "from_node": "Lane 11 East (start)", "to_node": "Lane 11 East (end)", "high_segments": 9}'::jsonb, 'active', '2026-05-06T20:13:21.197429+00:00'),
    (51, 'critical', 'Critical Congestion Corridor', 'Traffic is critically high and ETA crossed 35 minutes.', '{"eta_minutes": 41.3, "traffic_level": "High", "high_segments": 2}'::jsonb, 'active', '2026-05-06T20:13:55.008951+00:00'),
    (52, 'high', 'Multi-Segment High Congestion', 'Two or more route segments are in high congestion state.', '{"segment_id": "T-001", "from_node": "A", "to_node": "B", "high_segments": 2}'::jsonb, 'active', '2026-05-06T20:13:55.071926+00:00'),
    (53, 'medium', 'Segment Alert', 'Segment shows high congestion for predicted timestamp.', '{"segment_id": "R102", "predicted_travel_time": 5.5, "predicted_speed": 8.5}'::jsonb, 'active', '2026-05-06T20:13:55.163735+00:00'),
    (54, 'critical', 'Critical Congestion Corridor', 'Traffic is critically high and ETA crossed 35 minutes.', '{"eta_minutes": 41.3, "traffic_level": "High", "high_segments": 2}'::jsonb, 'active', '2026-05-06T20:30:51.778561+00:00'),
    (55, 'high', 'Multi-Segment High Congestion', 'Two or more route segments are in high congestion state.', '{"segment_id": "T-001", "from_node": "A", "to_node": "B", "high_segments": 2}'::jsonb, 'active', '2026-05-06T20:30:51.852875+00:00'),
    (56, 'medium', 'Segment Alert', 'Segment shows high congestion for predicted timestamp.', '{"segment_id": "R102", "predicted_travel_time": 5.5, "predicted_speed": 8.5}'::jsonb, 'active', '2026-05-06T20:30:51.933443+00:00'),
    (57, 'critical', 'Critical Congestion Corridor', 'Traffic is critically high and ETA crossed 35 minutes.', '{"eta_minutes": 41.3, "traffic_level": "High", "high_segments": 2}'::jsonb, 'active', '2026-05-06T22:10:16.087642+00:00'),
    (58, 'high', 'Multi-Segment High Congestion', 'Two or more route segments are in high congestion state.', '{"segment_id": "T-001", "from_node": "A", "to_node": "B", "high_segments": 2}'::jsonb, 'active', '2026-05-06T22:10:16.206132+00:00'),
    (59, 'medium', 'Segment Alert', 'Segment shows high congestion for predicted timestamp.', '{"segment_id": "R102", "predicted_travel_time": 5.5, "predicted_speed": 8.5}'::jsonb, 'active', '2026-05-06T22:10:16.321228+00:00'),
    (60, 'critical', 'Critical Congestion Corridor', 'Traffic is critically high and ETA crossed 35 minutes.', '{"eta_minutes": 41.3, "traffic_level": "High", "high_segments": 2}'::jsonb, 'active', '2026-05-06T22:18:12.831489+00:00'),
    (61, 'high', 'Multi-Segment High Congestion', 'Two or more route segments are in high congestion state.', '{"segment_id": "T-001", "from_node": "A", "to_node": "B", "high_segments": 2}'::jsonb, 'active', '2026-05-06T22:18:12.927258+00:00'),
    (62, 'medium', 'Segment Alert', 'Segment shows high congestion for predicted timestamp.', '{"segment_id": "R102", "predicted_travel_time": 5.5, "predicted_speed": 8.5}'::jsonb, 'active', '2026-05-06T22:18:13.010576+00:00'),
    (63, 'critical', 'Critical Congestion Corridor', 'Traffic is critically high and ETA crossed 35 minutes.', '{"eta_minutes": 41.3, "traffic_level": "High", "high_segments": 2}'::jsonb, 'active', '2026-05-06T22:30:29.567672+00:00'),
    (64, 'high', 'Multi-Segment High Congestion', 'Two or more route segments are in high congestion state.', '{"segment_id": "T-001", "from_node": "A", "to_node": "B", "high_segments": 2}'::jsonb, 'active', '2026-05-06T22:30:29.619003+00:00'),
    (65, 'medium', 'Segment Alert', 'Segment shows high congestion for predicted timestamp.', '{"segment_id": "R102", "predicted_travel_time": 5.5, "predicted_speed": 8.5}'::jsonb, 'active', '2026-05-06T22:30:29.682727+00:00'),
    (66, 'critical', 'Critical Congestion Corridor', 'Traffic is critically high and ETA crossed 35 minutes.', '{"eta_minutes": 41.3, "traffic_level": "High", "high_segments": 2}'::jsonb, 'active', '2026-06-16T05:08:08.512744+00:00'),
    (67, 'high', 'Multi-Segment High Congestion', 'Two or more route segments are in high congestion state.', '{"segment_id": "T-001", "from_node": "A", "to_node": "B", "high_segments": 2}'::jsonb, 'active', '2026-06-16T05:08:08.752171+00:00'),
    (68, 'medium', 'Segment Alert', 'Segment shows high congestion for predicted timestamp.', '{"segment_id": "R102", "predicted_travel_time": 5.5, "predicted_speed": 8.5}'::jsonb, 'active', '2026-06-16T05:08:09.037721+00:00'),
    (69, 'critical', 'Critical Congestion Corridor', 'Traffic is critically high and ETA crossed 35 minutes.', '{"eta_minutes": 41.3, "traffic_level": "High", "high_segments": 2}'::jsonb, 'active', '2026-06-16T05:13:42.893615+00:00'),
    (70, 'high', 'Multi-Segment High Congestion', 'Two or more route segments are in high congestion state.', '{"segment_id": "T-001", "from_node": "A", "to_node": "B", "high_segments": 2}'::jsonb, 'active', '2026-06-16T05:13:42.945660+00:00'),
    (71, 'medium', 'Segment Alert', 'Segment shows high congestion for predicted timestamp.', '{"segment_id": "R102", "predicted_travel_time": 5.5, "predicted_speed": 8.5}'::jsonb, 'active', '2026-06-16T05:13:43.003276+00:00'),
    (72, 'critical', 'Critical Congestion Corridor', 'Traffic is critically high and ETA crossed 35 minutes.', '{"eta_minutes": 61.36, "traffic_level": "High", "high_segments": 4}'::jsonb, 'active', '2026-06-16T05:20:11.446366+00:00'),
    (73, 'high', 'Multi-Segment High Congestion', 'Two or more route segments are in high congestion state.', '{"segment_id": "GOOGLE-ROUTES-1-0-1", "from_node": "Step 2 (start)", "to_node": "Step 2 (end)", "high_segments": 4}'::jsonb, 'active', '2026-06-16T05:20:11.497990+00:00'),
    (74, 'critical', 'Critical Congestion Corridor', 'Traffic is critically high and ETA crossed 35 minutes.', '{"eta_minutes": 41.3, "traffic_level": "High", "high_segments": 2}'::jsonb, 'active', '2026-06-16T05:20:17.979093+00:00'),
    (75, 'high', 'Multi-Segment High Congestion', 'Two or more route segments are in high congestion state.', '{"segment_id": "T-001", "from_node": "A", "to_node": "B", "high_segments": 2}'::jsonb, 'active', '2026-06-16T05:20:18.031299+00:00'),
    (76, 'medium', 'Segment Alert', 'Segment shows high congestion for predicted timestamp.', '{"segment_id": "R102", "predicted_travel_time": 5.5, "predicted_speed": 8.5}'::jsonb, 'active', '2026-06-16T05:20:18.157466+00:00'),
    (77, 'critical', 'Critical Congestion Corridor', 'Traffic is critically high and ETA crossed 35 minutes.', '{"eta_minutes": 41.3, "traffic_level": "High", "high_segments": 2}'::jsonb, 'active', '2026-06-16T06:58:54.954381+00:00'),
    (78, 'high', 'Multi-Segment High Congestion', 'Two or more route segments are in high congestion state.', '{"segment_id": "T-001", "from_node": "A", "to_node": "B", "high_segments": 2}'::jsonb, 'active', '2026-06-16T06:58:55.196938+00:00'),
    (79, 'medium', 'Segment Alert', 'Segment shows high congestion for predicted timestamp.', '{"segment_id": "R102", "predicted_travel_time": 5.5, "predicted_speed": 8.5}'::jsonb, 'active', '2026-06-16T06:58:55.317120+00:00'),
    (80, 'critical', 'Critical Congestion Corridor', 'Traffic is critically high and ETA crossed 35 minutes.', '{"eta_minutes": 512.01, "traffic_level": "High", "high_segments": 7}'::jsonb, 'active', '2026-06-16T07:00:07.919123+00:00'),
    (81, 'high', 'Multi-Segment High Congestion', 'Two or more route segments are in high congestion state.', '{"segment_id": "GOOGLE-ROUTES-0-0-0", "from_node": "Step 1 (start)", "to_node": "Step 1 (end)", "high_segments": 7}'::jsonb, 'active', '2026-06-16T07:00:07.969931+00:00'),
    (82, 'critical', 'Critical Congestion Corridor', 'Traffic is critically high and ETA crossed 35 minutes.', '{"eta_minutes": 512.01, "traffic_level": "High", "high_segments": 7}'::jsonb, 'active', '2026-06-16T07:00:08.117937+00:00'),
    (83, 'high', 'Multi-Segment High Congestion', 'Two or more route segments are in high congestion state.', '{"segment_id": "GOOGLE-ROUTES-0-0-0", "from_node": "Step 1 (start)", "to_node": "Step 1 (end)", "high_segments": 7}'::jsonb, 'active', '2026-06-16T07:00:08.259606+00:00'),
    (84, 'critical', 'Critical Congestion Corridor', 'Traffic is critically high and ETA crossed 35 minutes.', '{"eta_minutes": 103.42, "traffic_level": "High", "high_segments": 20}'::jsonb, 'active', '2026-06-16T07:24:03.689956+00:00'),
    (85, 'high', 'Multi-Segment High Congestion', 'Two or more route segments are in high congestion state.', '{"segment_id": "GOOGLE-ROUTES-2-0-0", "from_node": "Step 1 (start)", "to_node": "Step 1 (end)", "high_segments": 20}'::jsonb, 'active', '2026-06-16T07:24:03.741861+00:00'),
    (86, 'critical', 'Critical Congestion Corridor', 'Traffic is critically high and ETA crossed 35 minutes.', '{"eta_minutes": 89.07, "traffic_level": "High", "high_segments": 13}'::jsonb, 'active', '2026-06-16T07:26:52.776915+00:00'),
    (87, 'high', 'Multi-Segment High Congestion', 'Two or more route segments are in high congestion state.', '{"segment_id": "GOOGLE-ROUTES-0-0-0", "from_node": "Step 1 (start)", "to_node": "Step 1 (end)", "high_segments": 13}'::jsonb, 'active', '2026-06-16T07:26:53.004293+00:00'),
    (88, 'critical', 'Critical Congestion Corridor', 'Traffic is critically high and ETA crossed 35 minutes.', '{"eta_minutes": 94.58, "traffic_level": "High", "high_segments": 9}'::jsonb, 'active', '2026-06-16T07:33:19.336714+00:00'),
    (89, 'high', 'Multi-Segment High Congestion', 'Two or more route segments are in high congestion state.', '{"segment_id": "GOOGLE-ROUTES-0-0-0", "from_node": "Step 1 (start)", "to_node": "Step 1 (end)", "high_segments": 9}'::jsonb, 'active', '2026-06-16T07:33:19.388993+00:00'),
    (90, 'critical', 'Critical Congestion Corridor', 'Traffic is critically high and ETA crossed 35 minutes.', '{"eta_minutes": 240.61, "traffic_level": "High", "high_segments": 16}'::jsonb, 'active', '2026-06-16T07:37:23.912756+00:00'),
    (91, 'high', 'Multi-Segment High Congestion', 'Two or more route segments are in high congestion state.', '{"segment_id": "GOOGLE-ROUTES-0-0-0", "from_node": "Step 1 (start)", "to_node": "Step 1 (end)", "high_segments": 16}'::jsonb, 'active', '2026-06-16T07:37:23.965016+00:00'),
    (92, 'critical', 'Critical Congestion Corridor', 'Traffic is critically high and ETA crossed 35 minutes.', '{"eta_minutes": 415.27, "traffic_level": "High", "high_segments": 7}'::jsonb, 'active', '2026-06-16T07:40:16.535184+00:00'),
    (93, 'high', 'Multi-Segment High Congestion', 'Two or more route segments are in high congestion state.', '{"segment_id": "GOOGLE-ROUTES-0-0-0", "from_node": "Step 1 (start)", "to_node": "Step 1 (end)", "high_segments": 7}'::jsonb, 'active', '2026-06-16T07:40:16.586798+00:00'),
    (94, 'critical', 'Critical Congestion Corridor', 'Traffic is critically high and ETA crossed 35 minutes.', '{"eta_minutes": 155.08, "traffic_level": "High", "high_segments": 11}'::jsonb, 'active', '2026-06-16T07:40:35.826251+00:00'),
    (95, 'high', 'Multi-Segment High Congestion', 'Two or more route segments are in high congestion state.', '{"segment_id": "OSRM-0-0-0", "from_node": "Road 1 (start)", "to_node": "Road 1 (end)", "high_segments": 11}'::jsonb, 'active', '2026-06-16T07:40:35.878459+00:00'),
    (96, 'critical', 'Critical Congestion Corridor', 'Traffic is critically high and ETA crossed 35 minutes.', '{"eta_minutes": 215.37, "traffic_level": "High", "high_segments": 16}'::jsonb, 'active', '2026-06-16T07:40:49.212346+00:00'),
    (97, 'high', 'Multi-Segment High Congestion', 'Two or more route segments are in high congestion state.', '{"segment_id": "OSRM-0-0-0", "from_node": "Road 1 (start)", "to_node": "Road 1 (end)", "high_segments": 16}'::jsonb, 'active', '2026-06-16T07:40:49.263451+00:00'),
    (98, 'critical', 'Critical Congestion Corridor', 'Traffic is critically high and ETA crossed 35 minutes.', '{"eta_minutes": 255.9, "traffic_level": "High", "high_segments": 6}'::jsonb, 'active', '2026-06-16T07:41:11.728144+00:00'),
    (99, 'high', 'Multi-Segment High Congestion', 'Two or more route segments are in high congestion state.', '{"segment_id": "GOOGLE-ROUTES-0-0-0", "from_node": "Step 1 (start)", "to_node": "Step 1 (end)", "high_segments": 6}'::jsonb, 'active', '2026-06-16T07:41:11.779903+00:00'),
    (100, 'critical', 'Critical Congestion Corridor', 'Traffic is critically high and ETA crossed 35 minutes.', '{"eta_minutes": 278.9, "traffic_level": "High", "high_segments": 22}'::jsonb, 'active', '2026-06-16T07:53:53.179243+00:00'),
    (101, 'high', 'Multi-Segment High Congestion', 'Two or more route segments are in high congestion state.', '{"segment_id": "GOOGLE-ROUTES-1-0-0", "from_node": "Step 1 (start)", "to_node": "Step 1 (end)", "high_segments": 22}'::jsonb, 'active', '2026-06-16T07:53:53.286867+00:00'),
    (102, 'critical', 'Critical Congestion Corridor', 'Traffic is critically high and ETA crossed 35 minutes.', '{"eta_minutes": 118.52, "traffic_level": "High", "high_segments": 6}'::jsonb, 'active', '2026-06-16T07:55:50.862109+00:00'),
    (103, 'high', 'Multi-Segment High Congestion', 'Two or more route segments are in high congestion state.', '{"segment_id": "GOOGLE-ROUTES-0-0-0", "from_node": "Step 1 (start)", "to_node": "Step 1 (end)", "high_segments": 6}'::jsonb, 'active', '2026-06-16T07:55:50.913188+00:00'),
    (104, 'critical', 'Critical Congestion Corridor', 'Traffic is critically high and ETA crossed 35 minutes.', '{"eta_minutes": 124.57, "traffic_level": "High", "high_segments": 9}'::jsonb, 'active', '2026-06-16T07:56:00.545829+00:00'),
    (105, 'high', 'Multi-Segment High Congestion', 'Two or more route segments are in high congestion state.', '{"segment_id": "GOOGLE-ROUTES-0-0-0", "from_node": "Step 1 (start)", "to_node": "Step 1 (end)", "high_segments": 9}'::jsonb, 'active', '2026-06-16T07:56:00.664006+00:00'),
    (106, 'critical', 'Critical Congestion Corridor', 'Traffic is critically high and ETA crossed 35 minutes.', '{"eta_minutes": 124.57, "traffic_level": "High", "high_segments": 9}'::jsonb, 'active', '2026-06-16T07:58:54.761070+00:00'),
    (107, 'high', 'Multi-Segment High Congestion', 'Two or more route segments are in high congestion state.', '{"segment_id": "GOOGLE-ROUTES-0-0-0", "from_node": "Step 1 (start)", "to_node": "Step 1 (end)", "high_segments": 9}'::jsonb, 'active', '2026-06-16T07:58:54.865796+00:00'),
    (108, 'critical', 'Critical Congestion Corridor', 'Traffic is critically high and ETA crossed 35 minutes.', '{"eta_minutes": 124.57, "traffic_level": "High", "high_segments": 9}'::jsonb, 'active', '2026-06-16T07:58:57.941536+00:00'),
    (109, 'high', 'Multi-Segment High Congestion', 'Two or more route segments are in high congestion state.', '{"segment_id": "GOOGLE-ROUTES-0-0-0", "from_node": "Step 1 (start)", "to_node": "Step 1 (end)", "high_segments": 9}'::jsonb, 'active', '2026-06-16T07:58:57.992712+00:00'),
    (110, 'critical', 'Critical Congestion Corridor', 'Traffic is critically high and ETA crossed 35 minutes.', '{"eta_minutes": 115.33, "traffic_level": "High", "high_segments": 22}'::jsonb, 'active', '2026-06-16T08:00:46.378241+00:00'),
    (111, 'high', 'Multi-Segment High Congestion', 'Two or more route segments are in high congestion state.', '{"segment_id": "GOOGLE-ROUTES-0-0-0", "from_node": "Step 1 (start)", "to_node": "Step 1 (end)", "high_segments": 22}'::jsonb, 'active', '2026-06-16T08:00:46.463196+00:00'),
    (112, 'critical', 'Critical Congestion Corridor', 'Traffic is critically high and ETA crossed 35 minutes.', '{"eta_minutes": 115.33, "traffic_level": "High", "high_segments": 22}'::jsonb, 'active', '2026-06-16T08:04:06.965675+00:00'),
    (113, 'high', 'Multi-Segment High Congestion', 'Two or more route segments are in high congestion state.', '{"segment_id": "GOOGLE-ROUTES-0-0-0", "from_node": "Step 1 (start)", "to_node": "Step 1 (end)", "high_segments": 22}'::jsonb, 'active', '2026-06-16T08:04:07.028763+00:00'),
    (114, 'critical', 'Critical Congestion Corridor', 'Traffic is critically high and ETA crossed 35 minutes.', '{"eta_minutes": 115.33, "traffic_level": "High", "high_segments": 22}'::jsonb, 'active', '2026-06-16T08:05:15.463280+00:00'),
    (115, 'high', 'Multi-Segment High Congestion', 'Two or more route segments are in high congestion state.', '{"segment_id": "GOOGLE-ROUTES-0-0-0", "from_node": "Step 1 (start)", "to_node": "Step 1 (end)", "high_segments": 22}'::jsonb, 'active', '2026-06-16T08:05:15.515369+00:00'),
    (116, 'critical', 'Critical Congestion Corridor', 'Traffic is critically high and ETA crossed 35 minutes.', '{"eta_minutes": 38.24, "traffic_level": "High", "high_segments": 5}'::jsonb, 'active', '2026-06-16T08:06:59.376908+00:00'),
    (117, 'high', 'Multi-Segment High Congestion', 'Two or more route segments are in high congestion state.', '{"segment_id": "GOOGLE-ROUTES-0-0-0", "from_node": "Step 1 (start)", "to_node": "Step 1 (end)", "high_segments": 5}'::jsonb, 'active', '2026-06-16T08:06:59.428086+00:00'),
    (118, 'critical', 'Critical Congestion Corridor', 'Traffic is critically high and ETA crossed 35 minutes.', '{"eta_minutes": 113.22, "traffic_level": "High", "high_segments": 18}'::jsonb, 'active', '2026-06-16T08:11:08.803809+00:00'),
    (119, 'high', 'Multi-Segment High Congestion', 'Two or more route segments are in high congestion state.', '{"segment_id": "GOOGLE-ROUTES-1-0-0", "from_node": "Step 1 (start)", "to_node": "Step 1 (end)", "high_segments": 18}'::jsonb, 'active', '2026-06-16T08:11:08.877858+00:00'),
    (120, 'critical', 'Critical Congestion Corridor', 'Traffic is critically high and ETA crossed 35 minutes.', '{"eta_minutes": 119.68, "traffic_level": "High", "high_segments": 15}'::jsonb, 'active', '2026-06-16T08:11:59.686333+00:00'),
    (121, 'high', 'Multi-Segment High Congestion', 'Two or more route segments are in high congestion state.', '{"segment_id": "GOOGLE-ROUTES-0-0-0", "from_node": "Step 1 (start)", "to_node": "Step 1 (end)", "high_segments": 15}'::jsonb, 'active', '2026-06-16T08:11:59.737769+00:00'),
    (122, 'critical', 'Critical Congestion Corridor', 'Traffic is critically high and ETA crossed 35 minutes.', '{"eta_minutes": 47.7, "traffic_level": "High", "high_segments": 9}'::jsonb, 'active', '2026-06-16T08:12:17.384339+00:00'),
    (123, 'high', 'Multi-Segment High Congestion', 'Two or more route segments are in high congestion state.', '{"segment_id": "GOOGLE-ROUTES-0-0-0", "from_node": "Step 1 (start)", "to_node": "Step 1 (end)", "high_segments": 9}'::jsonb, 'active', '2026-06-16T08:12:17.436567+00:00'),
    (124, 'critical', 'Critical Congestion Corridor', 'Traffic is critically high and ETA crossed 35 minutes.', '{"eta_minutes": 55.31, "traffic_level": "High", "high_segments": 11}'::jsonb, 'active', '2026-06-16T08:12:40.684737+00:00'),
    (125, 'high', 'Multi-Segment High Congestion', 'Two or more route segments are in high congestion state.', '{"segment_id": "GOOGLE-ROUTES-0-0-0", "from_node": "Step 1 (start)", "to_node": "Step 1 (end)", "high_segments": 11}'::jsonb, 'active', '2026-06-16T08:12:40.735720+00:00'),
    (126, 'critical', 'Critical Congestion Corridor', 'Traffic is critically high and ETA crossed 35 minutes.', '{"eta_minutes": 150.06, "traffic_level": "High", "high_segments": 16}'::jsonb, 'active', '2026-06-16T08:13:02.380993+00:00'),
    (127, 'high', 'Multi-Segment High Congestion', 'Two or more route segments are in high congestion state.', '{"segment_id": "GOOGLE-ROUTES-1-0-0", "from_node": "Step 1 (start)", "to_node": "Step 1 (end)", "high_segments": 16}'::jsonb, 'active', '2026-06-16T08:13:02.431674+00:00'),
    (128, 'critical', 'Critical Congestion Corridor', 'Traffic is critically high and ETA crossed 35 minutes.', '{"eta_minutes": 150.06, "traffic_level": "High", "high_segments": 16}'::jsonb, 'active', '2026-06-16T08:14:13.198816+00:00'),
    (129, 'high', 'Multi-Segment High Congestion', 'Two or more route segments are in high congestion state.', '{"segment_id": "GOOGLE-ROUTES-1-0-0", "from_node": "Step 1 (start)", "to_node": "Step 1 (end)", "high_segments": 16}'::jsonb, 'active', '2026-06-16T08:14:13.251222+00:00'),
    (130, 'critical', 'Critical Congestion Corridor', 'Traffic is critically high and ETA crossed 35 minutes.', '{"eta_minutes": 903.79, "traffic_level": "High", "high_segments": 18}'::jsonb, 'active', '2026-06-16T08:14:38.451556+00:00'),
    (131, 'high', 'Multi-Segment High Congestion', 'Two or more route segments are in high congestion state.', '{"segment_id": "GOOGLE-ROUTES-0-0-0", "from_node": "Step 1 (start)", "to_node": "Step 1 (end)", "high_segments": 18}'::jsonb, 'active', '2026-06-16T08:14:38.502824+00:00'),
    (132, 'critical', 'Critical Congestion Corridor', 'Traffic is critically high and ETA crossed 35 minutes.', '{"eta_minutes": 903.79, "traffic_level": "High", "high_segments": 18}'::jsonb, 'active', '2026-06-16T08:14:49.430765+00:00'),
    (133, 'high', 'Multi-Segment High Congestion', 'Two or more route segments are in high congestion state.', '{"segment_id": "GOOGLE-ROUTES-0-0-0", "from_node": "Step 1 (start)", "to_node": "Step 1 (end)", "high_segments": 18}'::jsonb, 'active', '2026-06-16T08:14:49.492733+00:00'),
    (134, 'critical', 'Critical Congestion Corridor', 'Traffic is critically high and ETA crossed 35 minutes.', '{"eta_minutes": 127.29, "traffic_level": "High", "high_segments": 8}'::jsonb, 'active', '2026-06-16T08:18:45.463691+00:00'),
    (135, 'high', 'Multi-Segment High Congestion', 'Two or more route segments are in high congestion state.', '{"segment_id": "GOOGLE-ROUTES-0-0-0", "from_node": "Step 1 (start)", "to_node": "Step 1 (end)", "high_segments": 8}'::jsonb, 'active', '2026-06-16T08:18:45.515913+00:00'),
    (136, 'critical', 'Critical Congestion Corridor', 'Traffic is critically high and ETA crossed 35 minutes.', '{"eta_minutes": 837.09, "traffic_level": "High", "high_segments": 13}'::jsonb, 'active', '2026-06-16T08:19:18.309254+00:00'),
    (137, 'high', 'Multi-Segment High Congestion', 'Two or more route segments are in high congestion state.', '{"segment_id": "GOOGLE-ROUTES-0-0-0", "from_node": "Step 1 (start)", "to_node": "Step 1 (end)", "high_segments": 13}'::jsonb, 'active', '2026-06-16T08:19:18.361687+00:00'),
    (138, 'critical', 'Critical Congestion Corridor', 'Traffic is critically high and ETA crossed 35 minutes.', '{"eta_minutes": 837.09, "traffic_level": "High", "high_segments": 13}'::jsonb, 'active', '2026-06-16T08:22:22.251862+00:00'),
    (139, 'high', 'Multi-Segment High Congestion', 'Two or more route segments are in high congestion state.', '{"segment_id": "GOOGLE-ROUTES-0-0-0", "from_node": "Step 1 (start)", "to_node": "Step 1 (end)", "high_segments": 13}'::jsonb, 'active', '2026-06-16T08:22:22.303135+00:00'),
    (140, 'critical', 'Critical Congestion Corridor', 'Traffic is critically high and ETA crossed 35 minutes.', '{"eta_minutes": 41.3, "traffic_level": "High", "high_segments": 2}'::jsonb, 'active', '2026-06-16T08:26:10.213877+00:00'),
    (141, 'high', 'Multi-Segment High Congestion', 'Two or more route segments are in high congestion state.', '{"segment_id": "T-001", "from_node": "A", "to_node": "B", "high_segments": 2}'::jsonb, 'active', '2026-06-16T08:26:10.276097+00:00'),
    (142, 'medium', 'Segment Alert', 'Segment shows high congestion for predicted timestamp.', '{"segment_id": "R102", "predicted_travel_time": 5.5, "predicted_speed": 8.5}'::jsonb, 'active', '2026-06-16T08:26:10.380690+00:00'),
    (143, 'critical', 'Critical Congestion Corridor', 'Traffic is critically high and ETA crossed 35 minutes.', '{"eta_minutes": 764.52, "traffic_level": "High", "high_segments": 20}'::jsonb, 'active', '2026-06-16T08:27:54.976968+00:00'),
    (144, 'high', 'Multi-Segment High Congestion', 'Two or more route segments are in high congestion state.', '{"segment_id": "GOOGLE-ROUTES-0-0-0", "from_node": "Step 1 (start)", "to_node": "Step 1 (end)", "high_segments": 20}'::jsonb, 'active', '2026-06-16T08:27:55.027987+00:00');

SELECT setval(pg_get_serial_sequence('route_queries', 'id'), COALESCE((SELECT MAX(id) FROM route_queries), 1), true);
SELECT setval(pg_get_serial_sequence('alerts', 'id'), COALESCE((SELECT MAX(id) FROM alerts), 1), true);

COMMIT;
